{
  "hash": "5143c792",
  "configHash": "5c499c15",
  "lockfileHash": "6af8e3a9",
  "browserHash": "2eaa0f3d",
  "optimized": {
    "@angular/core": {
      "src": "../../../../../../node_modules/@angular/core/fesm2022/core.mjs",
      "file": "@angular_core.js",
      "fileHash": "6f7668dd",
      "needsInterop": false
    },
    "@angular/platform-browser": {
      "src": "../../../../../../node_modules/@angular/platform-browser/fesm2022/platform-browser.mjs",
      "file": "@angular_platform-browser.js",
      "fileHash": "b36f78ec",
      "needsInterop": false
    },
    "@angular/router": {
      "src": "../../../../../../node_modules/@angular/router/fesm2022/router.mjs",
      "file": "@angular_router.js",
      "fileHash": "e5607214",
      "needsInterop": false
    },
    "@angular/common/http": {
      "src": "../../../../../../node_modules/@angular/common/fesm2022/http.mjs",
      "file": "@angular_common_http.js",
      "fileHash": "6fb53fbc",
      "needsInterop": false
    }
  },
  "chunks": {
    "chunk-R3HDARZP": {
      "file": "chunk-R3HDARZP.js"
    },
    "chunk-7CTN54UW": {
      "file": "chunk-7CTN54UW.js"
    },
    "chunk-W5RZ5N33": {
      "file": "chunk-W5RZ5N33.js"
    }
  }
}